{
  "Author": "Sevii",
  "Name": "Material UI",
  "InternalName": "MaterialUI",
  "AssemblyVersion": "1.4.13.0",
  "Description": "Auto updating Material UI with customizable accent color and more. Icon by Meconate",
  "ApplicableVersion": "any",
  "Tags": [
    "ui",
    "penumbra",
    "material",
    "skotlex",
    "sevii",
    "Tunnelbliick",
    "Tensounder54",
    "accent",
    "color"
  ],
  "DalamudApiLevel": 10,
  "LoadRequiredState": 0,
  "LoadSync": false,
  "CanUnloadAsync": false,
  "LoadPriority": 1,
  "IconUrl": "https://raw.githubusercontent.com/Tensounder54/ffxiv_materialui_accent/main/images/icon.png",
  "Punchline": "Auto updating Material UI with customizable colors.",
  "AcceptsFeedback": true
}